16/1PRSHLD,[]
RYC 8BTV1CT,['71562900589']
OMN Q10601,[]
10THHNPUR,"['048243230556', '980100230302', '98010']"
KIL GRE-BC,['783936119373']
2/3 W/GND XLP/PVC,['']
ORI LFG120B,"['', '013415004563']"
BEL 8520,"['85200101001006', '']"
8/3SO,[]
10SOLGRN,"['', '98010022540', '', '']"
INT LC4535,['078275029569']
10SOLRED,['98010']
CONCH 2TRIPLEX,['']
12MTWBLU,"['980130309153261215', '00029892257408', '00029892257385']"
ALP FIT-221-1/2,[]
2/0THHNBLK,"['', '048243234066']"
HN-RANJ-ADT,[]
SLAA12-2.0F,['']
SLAWK12V600,['046221190052']
WK9VB,"['0840821013410', '0840821013410', '8408210134109']"
HN-MFG-XL-SYS,['']
DIG 941-1808-ND,[]
HN-PAD-EMI,['']
HN-BC-5,[]
HN-RMSZ,[]
HN-VEST,[]
