OMN A30803,https://www.platt.com/platt-electric-supply/Tray-Cable-VNTC/Omni-Cable/A30803/product.aspx?zpid=659290
OMN A30803,https://www.gexpro.com/usg/Root-Category/Wire%2C-Cable%2C-Cord/Control-Cable/Tray-Cable/Tray-Cable---SDT-TC/Omni-Cable-A31203-Tray-Cable%2C-Type-TC-ER%2C-12-AWG%2C-3-Conductor-w-Ground%2C-600V/p/326968
OMN A31003,https://www.gexpro.com/usg/Root-Category/Wire%2C-Cable%2C-Cord/Control-Cable/Tray-Cable/Tray-Cable---SDT-TC/Omni-Cable-A31203-Tray-Cable%2C-Type-TC-ER%2C-12-AWG%2C-3-Conductor-w-Ground%2C-600V/p/326968
OMN A31003,https://www.gexpro.com/usg/Root-Category/Wire%2C-Cable%2C-Cord/Industrial-Wire-%26-Cable/Tray-Cable/Tray-Cable---VNTC/Omni-Cable-A30603-Tray-Cable%2C-Type-TC-ER%2C-6-3-with-Ground%2C-PVC-Jacket/p/65731
OMN A31003,https://www.rexelusa.com/p/115569/omni-cable/tray-cable-type-tc-er-3-0-3-with-ground-pvc-jacket/a33-003
PVC 112,https://www.platt.com/platt-electric-supply/PVC-Straight-Conduit-Schedule-40/Multiple/112P/product.aspx?zpid=69114
PVC 112,https://www.keelectricsupplycorp.com/catalog/shop/CONDUIT-FITTINGS/EMT-Elbow/dept-5XB?process=search&itemsperpage=60&sortby=priceLH&display=text&fqall=&fqv=&fq=&sf=&allnstr=&ph=&pl=&qdx=0&nstr=&narrowby=&pagenum=7
PVC 112,https://www.gexpro.com/p/1042752/lasco-fittings/847030-3-cap-s/025528721725/847-030
HARTING 09330242601,https://www.ebay.com/itm/HARTING-09330242601-Insert-500-V-16-A-Male-24-RoHS-Compliant-24-B-Product/192893216793
HARTING 09330242601,https://www.empirewc.com/collections/harting/products/ht-0933-024-2601
HARTING 09330242601,https://www.ebay.ca/itm/Harting-09-33-024-2601-Male-Cable-Plug-with-Aux-Contact-blk-09330242601-NEW-/201077977208
WEI 1609860000,https://www.rexelusa.com/usr/Root-Category/Control%2C-Automation/Terminal-Blocks/Marking-Cards-%26-Strips/Terminal-Marking-Cards---Blanks/Weidmuller-1609860000-Terminal-Block%2C-Marker%2C-12mm-x-5mm%2C-White%2C-Fits-Allen-Bradley/p/117476
WEI 1609860000,https://www.amazon.com/WEIDMULLER-1609860000-TERMINAL-MARKER-PACK-720/dp/B00DK88PHE
SIE 6EP1333-2BA20,https://mall.industry.siemens.com/mall/en/ww/Catalog/Product/6EP1333-2BA20
SIE 6EP1333-2BA20,https://www.springfieldelectric.com/d/Siemens-6EP13332BA20/2550129
SIE 6EP1333-2BA20,https://www.electricautomationnetwork.com/en/siemens/6ep1333-2ba20-6ep13332ba20-siemens-sitop-psu100s-24-v-5-a-stabilized-power-supply-input-120-230-v-ac-output-
6THHNBLKM,https://www.mainelectricsupply.com/itemdetail/6BLKSTR1000R
PS PS640F1,https://www.ebay.com/itm/Power-Sonic-6V-4-5Ah-PS-640-PS640F1-UB645-Replacement-SLA-Battery-NEW-/292311427586
8THHNBLK,https://www.mainelectricsupply.com/itemdetail/8BLKSTR
