GE THQB32030,https://www.elliottelectric.com/P/Item/GED/THQB32030/
GE THQB32030,https://www.platt.com/platt-electric-supply/Circuit-Breakers-Bolt-On-3-Pole-120-240VAC/ABB/THQB32030/product.aspx?zpid=22964
GE THQB32030,https://www.ebay.com/p/22034415838
BRA XSL-31-427,https://www.bradyid.com/wire-cable-labels/idxpert-self-laminating-vinyl-wire-lab-labels-cps-3226303?part-number=xsl-31-427
BRA XSL-31-427,https://www.bradyid.com/wire-cable-labels/idxpert-self-laminating-vinyl-wire-lab-labels-cps-3226303?part-number=xsl-31-427-yl-bk
WAT 794070,https://www.ebay.com/itm/292242708566
WAT 794070,https://www.watts.com/products/plumbing-flow-control-solutions/repair-kits/rk-lf909/lfrk-909m1-rt-1-14-2
WAT 794070,http://www.destiny.co.zw/Home-&-Garden-Lead-Free-&034;-Complete-Rubber-Repair-505023-Other-Home-Plumbing-&-Fixtures/
RYC PMKGLE,https://www.rexelusa.com/p/401519/nvent-raychem-end-seal-kit-nema-type-4x-pmkg-le
RYC PMKGLE,https://www.lumen.ca/en/products/17-heat-ventilation/06-electric-heating/07-ice-snow-melting/01-controls-accessories/p-cmF5cG1rZ2xl-raypmkgle-nvent-thermal-pmkg-le-end-seal-kit-low-profile-for-btv-cr-btv-ct-qtvr-ct-lbtv2-ct-heating-cables
ALP FIT221-1 BLK,https://www.ebay.com/itm/ALPHA-WIRE-FIT-221-1-4-BLACK-4FT-pcs-Qty-of-164-feet-per-Lot-SHRINK-TUBE1-4-/142295473185
DWY 1626-5-WP,https://www.ebay.com/itm/Dwyer-114031-10-SPDT-PRESSURE-SWITCH-/192999032176
GUA GEMB41308,https://www.ebay.com/itm/130957748585
GUA GEMB41308,https://www.walmart.com/ip/Guard-Tex-Finger-Safety-Tape-12-Rolls-1-Green-Prevents-fingerprints-accidental-etching-everything-glass-ceramic-varnished-wood-By-GuardTex/738466021
12/3W/GRNDTC,https://www.elliottelectric.com/P/Item/COP/TC123WG1000/
12/3W/GRNDTC,https://www.platt.com/platt-electric-supply/Tray-Cable-VNTC/Multiple/123TCDBX5000MCR/product.aspx?zpid=618902
8/2 SE CABLE,https://www.rexelusa.com/p/153794/service-entrance-cable-seu-cu-8-2-8-awg-ground-copper-500/980100269326/seu888500rl
8/2 SE CABLE,https://www.platt.com/platt-electric-supply/Service-Entrance-Wire-SEU-Type-Copper/Multiple/SEU888250CL/product.aspx?zpid=10100786
AB 802T-W2,"https://www.rexelusa.com/usr/Root-Category/Control,-Automation/Limit-Switches/Limit-Switches/Adjustable-Roller-Limit-Switch-Operators/Allen-Bradley-802T-W2-Lever-Arm,-19-05mm-Nylon-Roller,-7-11mm-Width,-Adjustable/p/71107"
AB 802T-W2,https://www.rexelusa.com/p/71107/allen-bradley-lever-arm-1905mm-nylon-roller-711mm-width-adjustable-781180823756-802t-w2
AB 802T-W2,https://www.platt.com/platt-electric-supply/Limit-Switches-Adjustable-Roller-Switch-Operators/Allen-Bradley/802T-W2/product.aspx?zpid=193958
6SOLBARE,https://www.elliottelectric.com/P/Item/COP/BARE6S0L315/
6SOLBARE,https://www.elliottelectric.com/P/Item/COP/BARE6S0L1000/
SIE Q120,https://www.shepherdelec.com/index.jsp?path=product&part=10244&ds=mfr&process=search&qdx=0&ID=%2CSiemens%2Cmfr-1RM&title=siemens.q120
SIE Q120,https://www.loweelectric.com/brand-siemens/breaker-20a-1p-120v-10k-qp/sku-V4319-q120
SIE Q120,https://www.rexelusa.com/p/68132/siemens/breaker-20a-1p-120-240v-10-kaic-type-qp/783643148192/q120
ENT 11836816,https://www.platt.com/platt-electric-supply/Accessories-Terminal-Blocks-End-Sections/ABB/11836816/product.aspx?zpid=596034
ENT 11836816,https://www.elliottelectric.com/P/Item/ENT/011836816/
ENT 11836816,https://www.rexelusa.com/p/144541/entrelec/snap-on-end-section-type-fem6/804325507974/011836816
12THHNWHT/BLK,https://www.platt.com/platt-electric-supply/THHN-Copper-Stranded-12-AWG/Multiple/12THHNCSTRBLAX500/product.aspx?zpid=62606
