12-02FPLR,https://www.gordonelectricsupply.com/p/Southwire-57560902-12-2C-Sol-Bc-N-S-Fplr-Red/6664440
12-02FPLR,https://www.platt.com/CutSheets/Multiple/fire-alarm-cables.pdf
12-02FPLR,https://www.cesco.com/resources/pdf_663/100109-Catalog.pdf
THE TP513,https://www.amazon.com/Cooper-Crouse-Hinds-Square-Exposed-Raised/dp/B002KK9J5K
THE TP513,https://cedanacortes.portalced.com/Product/CHE/TP513/
THE TP513,https://store.usesi.com/crouse-hinds-tp513-steel-raised-surface-cover-with--1--gfci-receptacle-opening-4-inch-x-4-inch-x-1-2-inch-66831
THE TP513,https://www.platt.com/platt-electric-supply/4-Square-Boxes-Accessories-Covers/Cooper-Crouse-Hinds/TP513/product.aspx?zpid=721665
THE TP513,https://www.codale.com/product/productsearch/60?idDesc=Industrial+Raised+Covers&sortOrder=Default
16MTWRED,https://www.empirewc.com/collections/mtw-wire/products/mtw-16g-03
16MTWRED,https://www.capitalelectricsupply.com/product/detail/Miscellaneous-MTW-Wire-WIC-MTW-16-STR-RED-500R?s=64404
16MTWRED,https://www.gexpro.com/usg/Root-Category/Wire%2C-Cable%2C-Cord/Machine-Tool-Wire/MTW/MTW---16-AWG/Multiple-MTW16STR264REDWHT500RL-16-AWG-MTW-Stranded-Copper%2C-Red-White-Stripe%2C-500%27/p/681976
16MTWRED,https://www.rexelusa.com/p/66155/16-awg-mtw-stranded-copper-red-2500/mtw16str264red2500rl
BEL 9730,https://www.empirewc.com/products/bel-9730
CAR 3150,https://genshin.mihoyo.com/en/news/detail/8598
OMN J562304-08,https://platt.com/platt-electric-supply/Category-Cables-CAT-6A-Non-Plenum/Omni-Cable/J562304-08/product.aspx?zpid=10255592
OMN J562304-08,https://www.gexpro.com/p/214583/superior-essex/category-6-cable-cmr-23-awg-4-pair-blue/54-246-2a
TCNH12/3,https://www.showmecables.com/12-awg-multi-conductor-600v-stranded-conductor-unshielded-vntc-tray-cable
ENT 023300001,https://shop.glasupply.com/buy/product/023300001-ENT-RC610-BLANK/132015
ENT 023300001,https://www.turtle.com/1955544/Product/entrelec-023300001
ENT 023300001,https://www.galco.com/buy/Entrelec/023300001
ENT 023300001,https://www.elliottelectric.com/Media/023300001-ENT-2
ENT 023300001,https://www.platt.com/platt-electric-supply/Marking-Cards-Strips-Terminal-Blanks/Entrelec/023300001/product.aspx?zpid=156651
ENT 023300001,https://www.rexelusa.com/usr/Root-Category/Control%2C-Automation/Terminal-Blocks/Marking-Cards-%26-Strips/Blank-Marking-Cards/Entrelec-023300001-Terminal-Block%2C-Marker-Cards%2C-Blank%2C-Side-Mount%2C-6mm/p/271604
ENT 023300001,https://www.verical.com/datasheet/abb-accessories-023300001-3024478.pdf
GRC 10090,https://www.rexelusa.com/p/104822/plasti-bond/pvc-coated-90-grc-elbow-1/784011200245/prhelb-1x90
GRC 10090,https://www.garvinindustries.com/re-10090
GRC 10090,https://www.gexpro.com/usg/Root-Category/Conduit%2C-Ducts%2C-Raceways/Conduit---Metallic/Conduit---Straight/Steel---Rigid-Conduit/Multiple-100-Rigid-Conduit%2C-1%22%2C-Galvanized-Steel%2C-10%27/p/50183
GRC 10090,https://www.ebay.com/itm/NEW-Lot-of-18-Madison-Electric-42KR-1-Rigid-90-Conduit-Elbows-ELR-10090-/173936313697
GRC 10090,https://meproducts.net/products/product-categories/nipples-elbows-couplings/rigid-conduit-elbows-90%CB%9A
GRC 03490,https://www.homedepot.com/p/Halex-3-4-in-Rigid-90-Elbow-64107/100148670
BEL 7883A,https://catalog.belden.com/index.cfm?event=pd&p=PF_7883A
BEL 7883A,https://www.cablewholesale.com/products/network-phone/cat-6-cable-bulk/product-10x8-061th.php
BEL 7883A,http://www2.trinetusa.com/images/catalog/SCS5_patchcables.pdf
BEL 7883A,https://cdn.thomasnet.com/ccp/01073843/140762.pdf
BEL 7883A,https://www.tripplite.com/cat6-gigabit-bulk-solid-pvc-cable-blue-1000-ft~N22201KBL
BEL 7883A,https://www.tripplite.com/cat6-gigabit-bulk-solid-plenum-rated-pvc-cable-blue-1000-ft~N22401KBL
BEL 7883A,https://www.startech.com/en-us/cables/wirc6cmrbl
